OPTIONAL - DESCRIZIONE;OPTIONAL - DESCRIPTION; 
TARGHETTA AUTOADESIVA;A/C fluid Label;121
SPECIFICITA' PAESI FREDDI;COLD COUNTRIES SPECIFIC CONTENTS;129
PARABREZZA RISCALDABILE;Heated Windscreen;253
CASSONE AUTOCARRO                 ;Dropsde;288
Rearview camera kit predisposition for conversions;Rearview camera kit predisposition for conversions;CMW
Rearview camera kit predisposition for conversions;Rearview camera kit predisposition for conversions;CMW
TELECAMERA VISIBILITA' POSTERIORE CON LINEE DINAMICHE;Rear visibility camera with dynamic gridlines;316
PORTASCALA E GRIGLIA PROTEZIONE LUNOTTO;Ladder holder and cab protection grille;475
Russia kit (ONLY HANDBOOK);Russia kit (ONLY HANDBOOK);518
GANCI TRATTENIMENTO MERCI VANO CARICO;Hooks for locking goods in cargo area;734
SERBATOIO CARBURANTE DA 90 LITRI;90 Liters Fuel Tank;738
TBM basic connectivity for intelligent speed assist;TBM basic connectivity for intelligent speed assist; 
BATTERIA POTENZIATA (L6);Powerful battery (L6-105 Ah);782
LIBRETTO POLACCO/LINGUA;Polish Warranty Book;858
COPPE RUOTE INTEGRALI;Full wheel hub caps;878
SKID PLATE MY24 NERO;Skid Plate MY24 Black;901
GANCIO TRAINO ESTRAIBILE;Foldable towing hook;960
SIMPLE TWO-SEATER PASSENGER SEAT WITH 3 POINT SEAT BELT FOR MIDDLE PASSENGER;SIMPLE TWO-SEATER PASSENGER SEAT WITH 3 POINT SEAT BELT FOR MIDDLE PASSENGER;9VX
SIMPLE TWO-SEATER PASSENGER SEAT WITH 3 POINT SEAT BELT FOR MIDDLE PASSENGER;SIMPLE TWO-SEATER PASSENGER SEAT WITH 3 POINT SEAT BELT FOR MIDDLE PASSENGER;9VX
CAMBIO AUTOMATICO AT8;AT8 Automatic Transmission;7
ADEGUAMENTI OMOLOGATIVI 28 Qli;Homologative adaptation 28 Qli;19
DISPOSITIVO SEGNALATORE RETROMARCIA INSERITA;Pedestrian warning speaker;01P
KIT ZONE POLVEROSE;Dust protection kit;22
CLIMATIZZATORE MANUALE;Manual climate control ;25
FRENO STAZIONAMENTO ELETTRICO;Electric parking brake;26
LUNOTTO TERMICO;Rear heated window;29
ALTERNATORE STANDARD (180 A);Standard alternator (180 A);02S
BATTERIA STANDARD (L5);Standard battery (L5 - 95Ah);02T
SERVOSTERZO ELETTRICO STANDARD;Standard electric power steering;03C
CAMBIO MANUALE;Manual transmission;03F
"RUOTE LAMIERA STANDARD 15""";"15"" Standard steel wheels";03G
REGOLAZIONE ELETTRICA CON SBRINAMENTO SPECCHI RETROVISORI ESTERNI;Exterior power and defrosting mirrors;41
KIT CARROZZABILITA' 2350mm;External rear-view mirrors for body size kit 2.35 m ;42
CONTAMIGLIA;Miles Counter;46
CONTACHILOMETRI;KM Counter;50
SENSORE PIOGGIA E CREPUSCOLARE + AUTOMATISMO ABBAGLIANTI;Dusk and rain sensor + high beam recognition;51
2› PORTA LATERALE SCORREVOLE;2nd sliding side door ;55
SOSPENSIONI POSTERIORI MAGGIORATE 2500 KG;Oversized rear suspensions 2.500 kg;57
SAFE LOCK (SUPERBLOCCAGGIO);?Dead locking? safety locks ;64
"CRISTALLI LATERALI ""PRIVACY""";Privacy side windows;70
SOSPENSIONE POSTERIORE BILAMA;Double leaf rear suspensions ;77
Mode 4 charging;Mode 4 charging;07E
ELECTRIC TRANSMISSION;ELECTRIC TRANSMISSION;07V
PRESA TRASFORMATORI;Transformer socket and battery setup ;81
KIT RIDUZIONE CO2;CO2 reduction kit;0AA
KIT MECCANISMO TERGICRISTALLI + BRACCI;Wiper motor and blades kit;0BX
MODANATURA PASSARUOTA POSTERIORE VERSIONE XL VAN;MODANATURA PASSARUOTA POSTERIORE VERSIONE XL VAN;0JJ
"RUOTE LEGA 16"" NERO OPACO LIGHT";"16"" alloy matt Black wheels Light";0R2
CRONOTACHIGRAFO SMART;Smart tachograph;0TK
BONIFICO CRONOTACHIGRAFO SMART;Smart tachograph exclusion;0TL
CAN MESSAGING FOR FLEET MANAGEMENT;CAN messaging for fleet management;0UQ
TRAVERSA PORTAFARI E FARI ANTERIORI;Front crossmember and headlights;0WV
"PLANCIA ""TECHNO""";Techno dashboard ;0XW
REGOLAZIONE LOMBARE E BRACCIOLO SEDILE GUIDA;Armrest and lumbar adjustment for driver?s seat ;132
CLIMATIZZATORE AUTOMATICO MONOZONA;Automatic climate control system ;140
PNEUMATICO EXTRASERIE MAGGIORATO 225/75 16? CLASSE A;Oversize A-Class tyres 225/75 16;142
PNEUMATICO EXTRASERIE CAMPING CAR;Camping car Tyres;143
"PNEUMATICO EXTRASERIE M+S ""ALL SEASONS""";All Season M+S Tyres;144
PARATIA DIVISORIA LASTRATA;Panelled partition;149
CAVO RICARICA MODO 3;Mode 3 charging cable;17C
PARASPRUZZI  RUOTE POSTERIORI;Rear mudflaps;197
PARATIA DIVISORIA LASTRATA VETRO SCORREVOLE;Glazed partition;199
Drowsiness monitor system;Drowsiness monitor system;1CQ
Drowsiness monitor system;Drowsiness monitor system;1CQ
"RUOTE LEGA 16"" NERO DIAMANTATE";"16"" alloy aluminum diamond black wheels";1LR
"7"" TOUCH RADIO - BT - DAB - CP/AA";"7"" TOUCH RADIO - BT - DAB - CP/AA";1RB
"7"" TOUCH RADIO - BT - DAB - CP/AA";"7"" TOUCH RADIO - BT - DAB - CP/AA";1RB
CARICABATTERIE 11 KW;11 kW battery charger;1U9
CARICABATTERIE 22 KW   (S from 5th May 2025);22 kW battery charger   (S from 5th May 2025));1UA
RISCALDATORE ADDIZIONALE AUTONOMO PROGRAMMABILE WEBASTO;Webasto programmable independent heater ;205
VERNICE METALLIZZATA;Metallic paint;210
ANTIFURTO PERIMETRALE;Perimeter anti-theft system with antilift function ;213
PREDISP. SBRINAMENTO SPECCHI RETROVISORI;Predisposition for rear mirrow defrosting;220
LAME E RIPARI COPPA MOTORE;Engine sump protection ;237
Rear Badging;Rear Badging for Hydrogen;23W
PNEUMATICO EXTRASERIE CAMPING CAR M+S ALL SEASONS;Camping car All Season M+S Tyres;28T
PIANALE VANO CARICO;Flatbed;292
PANCHETTA BIPOSTO CABINA;Two-seater passenger seat bench with folding table;293
PANCHETTA BIPOSTO CABINA;Two-seater passenger seat bench with folding table;293
REGOLAZIONE LOMBARE E BRACCIOLO SEDILE PASSEGGERO;Armrest and lumbar adjustment for passenger?s seat ;297
LIBRETTO CRONOTACHIGRAFO SMART LINGUA NORVEGESE;smart tachograph booklet norwegian;2KS
LIBRETTO CRONOTACHIGRAFO SMART LINGUA FINLANDESE;smart tachograph booklet finnish;2KT
LIBRETTO CRONOTACHIGRAFO SMART LINGUA SERBA;smart tachograph booklet serbian;2KU
SPECIFICITA' MERCATO GIAPPONE;Japan Market Specific contents;2M9
BONIFICO KIT RIDUZIONE CO2;CO2 reduction kit exclusion;2NC
"RADIO DISPLAY 5"" BLUETOOTH + DAB";"Radio Display 5"" Bluetooth + Dab";2PX
"RADIONAVIGATORE DISPLAY 10"" TOUCH BLUETOOTH + DAB + CP/AA + ICS";"Radionav Display 10"" Touch Bluetooth + DAB + CP/AA + ICS";2PZ
"PANCHETTA BIPOSTO ANTERIORE ""EAT&WORK""";"""Eat&Work"" two-seater passenger seat bench";2QC
"QUADRO STRUMENTI DIGITALE DISPLAY 7""";"Full Digital 7"" Cluster";2QF
360› PERIMETER PARKING SENSORS;360› PERIMETER PARKING SENSORS;2V8
IDENTIFICAZIONE VEICOLI LOW DRAG CALIPER;LOW DRAG CALIPER IDENTIFICATION;2VW
QUICK GUIDE MULTILINGUA 1;Multilanguage Quick Guide 1;31Q
QUICK GUIDE MULTILINGUA 2;Multilanguage Quick Guide 2;31R
VOLANTE E POMELLO COMANDO CAMBIO IN PELLE;Leather steering wheel and gear lever knob;320
Electrical charging port for Hydrogen;Electrical charging port for Hydrogen;32D
ABBATTIMENTO ELETTRICO SPECCHI RETROVISORI   ;Electric folding wing mirrors ;341
BARRA PARACICLISTI;Cyclist protection bars ;358
PANNELLI PROTETTIVI INTERNI VANO DI CARICO A MEDIA ALTEZZA ;Load compartment wall protection at half height ;361
CAVERIA EXTRASERIE;Non-standard cables;391
CONTROLLO DINAMICO DI STABILITA` (ESC);ESC;392
Minor index transcodification identification 0 (INDEX 10);Minor index transcodification identification 0 (INDEX 10);3C0
Minor index transcodification identification 1 (INDEX 11);Minor index transcodification identification 1 (INDEX 11);3C1
Minor index transcodification identification 3 (INDEX 13);Minor index transcodification identification 3 (INDEX 13) ;3C3
Minor index transcodification identification 3 (INDEX 13) ;Minor index transcodification identification 3 (INDEX 13) ;3C3
PREDISPOSIZIONE RADIO PESANTE DAB CON ANTENNA RADIO INTEGRATA SPECCHI ESTERNI;DAB radio predisposition with antenna integrated into the external mirrors;3JO
BONIFICO TASTI TELEMATICS BOX MODULE (TBM);Domelamp no e-call buttons;3YC
"RUOTE LEGA 16"" NERO DIAMANTATE LIGHT";"16"" alloy aluminum diamond Black wheels Light";431
Dischi freno maggiorati;Brake discs reinforced;44B
SEDILE GUIDA RISCALDATO;Heated driver?s seat ;453
SEDILE PASSEGGERO REGOLABILE IN ALTEZZA;Height adjustable passenger seat ;454
KIT GONFIAGGIO / RIPARAZ. PNEUMATICI  (FIX & GO) IN SOSTITUZIONE RUOTINO;Fix & Go Puncture Repair Kit;499
CUPHOLDER CENTRALE INFERIORE SU PLANCIA;Lower central cupholders;4B0
MODANATURE PASSARUOTA;ARCHWHEEL MOLDINGS;4BJ
SERBATOIO CARBURANTE DA 60 LITRI;60 Liters Fuel Tank;4DZ
Fari allestitori;Taillights ready for assembly;4EA
PIASTRA PIVOTAMENTO SEDILI;Pivoting plate for front seats;4EB
OMOLOGAZIONE SASO;OMOLOGAZIONE SASO;4EV
PORTA LATERALE SCORREVOLE SU LATO DESTRO PER VEICOLI GDX;Sliding door on right side on RHD vehicle;4FP
SOSPENSIONI POSTERIORI MAGGIORATE PER TRASFORMAZIONI GRAVOSE;Oversized rear suspensions ;4GM
SEDILE GUIDA GIREVOLE CAPTAIN CHAIR;Pivoting Captain chair driver seat;4GP
SEDILE PASSEGGERO GIREVOLE CAPTAIN CHAIR;Pivoting Captain chair passenger seat;4GQ
PADIGLIONE SPECIFICO TAGLIATO;Cut reinforced roof;4GS
PREDISPOSIZIONE CLIMATIZZATORE POSTERIORE;Rear climate control setup ;4GT
SOSPENSIONI SPECIFICHE RIALZATE CAMPING CAR;Lifted front suspensions for recreational vehicles;4H2
PREDISPOSIZIONE GANCIO TRAINO;Towing hook predisposition;4HB
Smartphone station with radio tuner;Smartphone station with radio tuner;4HE
Smartphone station with radio tuner;Smartphone station with radio tuner;4HE
SIDE MARKER;Side Marker;4HH
SELLERIA TESSUTO CREPE BLACK;Crepe Black fabric upholstery;4MZ
SELLERIA TESSUTO CREPE BLACK;Crepe Black fabric upholstery;4MZ
SELLERIA TESSUTO BEIGE;Beige fabric upholstery;4N5
PREDISPOSIZIONE RISCALDATORE POSTERIORE;Rear heater setup;4N8
PREDISPOSIZIONE FENDINEBBIA CON LUCI DI SVOLTA;Fog lights with cornering function predisposition;4NF
ESCLUSIONE SEDILI ANTERIORI (BONIFICO 2);Front seats exclusion;4P4
MAPPE PER NAVIGATORE AUSTRALIA / NUOVA ZELANDA;AUSTRALIA / NZ Maps for navigation;4TD
SEDILI GUIDATORE E PASSEGGERO SINGOLI SPECIFICI POSTE&CORRIERI;Driver and passenger seats for Postal Service Mission;4TH
SEDILI ANTERIORI CAPTAIN CHAIR CON REGOLAZIONE IN ALTEZZA;Captain chair front seats with height adjustment;4TI
PARAURTI ANTERIORE GOFFRATO;Grained front bumper;4WH
ESCLUSIONE LIMITATORE DI VELOCITA;Exclusion speed limiter;4XH
3^ CHIAVE TELECOMANDO;3› key with remote control;4YV
AIR BAG GUIDATORE;Driver air bag ;500
AIR BAG PASSEGGERO DOPPIO;Double passenger airbag;502
AIR BAG PASSEGGERO DOPPIO;Double passenger airbag;502
SIDE AIR BAG & WINDOW AIR BAG;Front side air bags + window bags ;505
SENSORI DI PARCHEGGIO POSTERIORI;Rear parking sensors ;508
SENSORI DI PARCHEGGIO POSTERIORI;Rear parking sensors ;508
CARTER COPRI BASE SEDILI;Seats lateral lower covers;50E
PORTA POSTERIORE A 2 BATTENTI CIECHI;Twin Panelled Rear Doors;516
PORTA POSTERIORE A 2 BATTENTI VETRATA;Glazed rear doors ;519
PTT MAGGIORATO 4400 KG;Oversized GVW 4400 kg;51Q
PORTA LATERALE SCORREVOLE VETRATA;Glazed sliding side door ;520
PREDISPOSIZIONE RISCALDATORE ADDIZIONALE;Predisposition for Heater on Tank;52X
ANTENNA RADIO DAB INTEGRATA IN SPECCHIO ESTERNO;DAB radio antenna integrated in right external mirror;54Q
BONIFICO CAPUCINE;Capucine exclusion;55Q
BONIFICO VERNICIATURA VANO CARICO;Cargo area paint exclusion;56Q
KIT STRADE GRAVOSE;Bad roads set-up;57A
LIMITATORE DI VELOCITA 90 KM/H;Speed limiter (90 km/h) ;58E
CARREGGIATA POSTERIORE MAGGIORATA 1980 MM;Wider rear track 1980 mm;58G
Speed limiter 100 km/h;Speed limiter 100 km/h;5BF
COMANDI RADIO SU VOLANTE PER CARROZZIERI;Steering wheel radio controls for converters;5BH
VERNICIATURA GRIGIO LANZAROTE - COLORE 385;LANZAROTE Grey paint - Color 385;5CK
VERNICIATURA GRIGIO PASTELLO EXPEDITION - COLORE 676;Grey Expedition paint - Color 676;5CL
CORNICE NERA PROIETTORI;Black frame on headlamps;5EM
"RUOTE LAMIERA STANDARD 16""";"16"" STANDARD STEEL WHEELS";5EV
AUTOMATIC EMERGENCY BRAKE SYSTEM;AUTOMATIC EMERGENCY BRAKE SYSTEM;CK1
KIT SAFETY MY24;KIT SAFETY MY24;5F4
KIT SAFETY MY24;KIT SAFETY MY24;5F4
KIT SAFETY MY24;KIT SAFETY MY24;5F4
BONIFICO KIT SAFETY MY24;Kit Safety MY24 Exclusion;5F5
KIT SAFETY N2 MY24;KIT SAFETY N2 MY24;5F6
BONIFICO KITSAFETY N2 MY24;Kit Safety N2 MY24 Exclusion;5F7
KIT EASY DRIVING MY24;Kit Easy Driving MY24;5F8
LIBRETTO CRONOTACHIGRAFO SMART LINGUA CECO;Smart tachograph booklet czech;5JY
LIBRETTO CRONOTACHIGRAFO SMART LINGUA DANESE;Smart tachograph booklet danish;5JZ
"Identification aerodynamic CO2 reduction content
Includes:
Central Spoiler (DAM)
Air Guide                                     
Active Grille Shutter (AGS)
Plastic under engin repair";"Identification aerodynamic CO2 reduction content
Includes:
Central Spoiler (DAM)
Air Guide                                     
Active Grille Shutter (AGS)
Plastic under engin repair";5K8
LIBRETTO OLANDESE/LINGUA;Dutch Warranty Book;5KA
LIBRETTO FINLANDESE/LINGUA;Finnish Warranty Book;5KC
LIBRETTO CRONOTACHIGRAFO SMART LINGUA GRECO;Smart tachograph booklet greek;5KD
LIBRETTO CRONOTACHIGRAFO SMART LINGUA UNGHERESE;Smart tachograph booklet hungarian;5KE
LIBRETTO SVEDESE/LINGUA;Swedish Warranty Book;5KK
Summer tyres;Summer tyres;5PP
ePto;ePto;5R8
ESCLUSIONE ATTREZZI DI BORDO;On board tools exclusion;5SB
Euro 5 homologation;Euro 5 homologation;5SE
OMOLOGAZIONE GSO (Gulf Standards Organization);OMOLOGAZIONE GSO (Gulf Standards Organization);5SF
Validation plug - Blue Connector;Validation plug - Blue Connector;5U1
ESCLUSIONE SEDILE PASSEGGERO;Seat passenger exclusion;5UE
Load Compartment Wall Wooden Full Height Protection;Load Compartment Wall Wooden Full Height Protection;5V6
Load Compartment Floor Wooden Protection;Load Compartment Floor Wooden Protection;5V7
TRAVERSA CRASH BOX ANTERIORE;Front crash-box;5VE
LIBRETTO SVIZZERA/LINGUE;Swiss Warranty Book;5VR
TELONE EVO DI PROTEZIONE SCUDATO;Evo protection cover for cowls;5WL
ARGENTINA MARKET SPECIFICATION (handbook+Nav);ARGENTINA MARKET SPECIFICATION (handbook+Nav);5XL
PORTE POSTERIORI APERTURA 270 GRADI     ;270›-opening rear doors ;619
BRAZIL MARKET SPECIFICATION;BRAZIL MARKET SPECIFICATION;62E
ESCLUSIONE RIVESTIMENTO PADIGLIONE;Roof cover exclusion;62J
SEDILE GUIDA AMMORTIZZATO;Sprung driver?s seat;640
VETRI 2^ LUCE SCORREVOLI              ;Sliding Glass in Sliding Doors;644
KIT FIX & GO + ATTREZZI + RUOTA DI SCORTA + PORTARUOTA DI SCORTA ESTRAIBILE;Fix & Go + Tools for wheel reparation +  Spare wheel + winch;64E
CRONOTACHIGRAFO;Tachograph ;650
STANDARD DRL;Standard incandescence DRL;692
ENGINE IDLE PRESET;Engine idle preset;6BX
Homologation 1;Homologation 1;6C1
Homologation 2;Homologation 2;6C2
DHL CONVERSION;DHL CONVERSION;6CK
PERSONALIZZAZIONE VEICOLO OPEL;Custom vehicle Opel;6HN
PERSONALIZZAZIONE VEICOLO VAUXHALL;Custom vehicle Vauxhall;6HP
"TARGHETTA DI ASSISTENZA ""CIAO FIAT""";"""CIAO FIAT"" support badge";6HQ
GANCIO TRAINO FISSO;Fixed towing hook;6JA
PREDISPOSIZIONE TRACTION PLUS + HILL DESCENT CONTROL;Traction plus + hill descent control predisposition;6L3
LIBRETTO CRONOTACHIGRAFO SMART LINGUA SLOVACCO;Smart tachograph booklet slovakian;6MP
PREDISPOSIZIONE RADIO PESANTE DAB;DAB radio predisposition;6QD
AWP - ANTI-WEAR PACKAGE;AWP - ANTI-WEAR PACKAGE;6S6
KIT STRADE GRAVOSE CON RINFORZI SOSPENSIONE;Heavy roads kit;6SC
RIGENERAZIONE FORZATA DPF;Forced regeneration DPF;6SN
Euro 6.1 homologation;Euro 6.1 homologation;6X9
A PILLAR AND 3RD LIGHT PLASTIC COVER EXCLUSION;A PILLAR AND 3RD LIGHT PLASTIC COVER EXCLUSION;6Z6
CASSETTO CENTRALE;Central locked glovebox;6ZQ
Custom vehicle JUPITER;Custom vehicle JUPITER;CPK
PERSONALIZZAZIONE VEICOLO FIAT;Custom vehicle Fiat;700
PERSONALIZZAZIONE VEICOLO PEUGEOT;Custom vehicle Peugeot;701
PERSONALIZZAZIONE VEICOLO CITROEN;Custom vehicle Citroen;702
TELECOMANDO MULTIFUNZIONE 3 TASTI;3-button multifunction remote control ;708
SELLERIA VINILE (FINTA PELLE);Vinyl upholstery ;727
BONIFICO PARATIA;Partition exclusion;72X
SELLERIA TESSUTO CREPE GRIGIO;Crepe Grey Fabric upholstery;732
TRAVERSA E FANALERIA POSTERIORI;Rear crossmember + wheel basket + taillights ;742
ESCLUSIONE PARETE POSTERIORE CABINA SEMPLICE;Rear wall elimination on Cabs;743
TRAVERSA POSTERIORE;Rear crossmember + wheel basket  ;745
PARASPRUZZI RUOTE ANTERIORI;Front mudguards;747
SIGLE POSTERIORI;Rear Badging;749
ESCLUSIONE FANALERIA ANTERIORE (BONIFICO);Headlights exclusion;750
Russian language stickers;Russian language stickers;75H
PREDISPOSIZIONE TPMS AL-KO;ALKO TPMS PREDISPOSITION;75J
PREDISPOSIZIONE TPMS AL-KO;ALKO TPMS PREDISPOSITION;75J
PREDISPOSIZIONE CAVI PER TELECAMERA VISIBILITA' POSTERIORE;Cables for rear visibility camera predisposition;75M
PREDISPOSIZIONE CAVI PER TELECAMERA VISIBILITA' POSTERIORE;Cables for rear visibility camera predisposition;75M
PREDISPOSIZIONE DRL LED;DRL LED predisposition;75N
TABLET HOLDER;Tablet holder;75Q
TABLET HOLDER;Tablet holder;75Q
PORTARUOTA DI SCORTA ESTRAIBILE;Spare Wheel winch;786
SOSPENSIONI POSTERIORI CON BALESTRA IN COMPOSITO;Composite leaf rear suspensions ;78Z
PREDISPOSIZIONE TELAIO AL-KO RIBASSATO;Lowered AL-KO chassis predisposition;7AV
TPMS INDIRETTO (TYRE PRESSURE MONITORING SYSTEM);TPMS Indirect (tyre pressure monitoring system);7B2
TPMS INDIRETTO (TYRE PRESSURE MONITORING SYSTEM);TPMS Indirect (tyre pressure monitoring system);7B2
BONIFICO TPMS (TYRE PRESSURE MONITORING SYSTEM);TPMS (tyre pressure monitoring system) removal;7H4
ALTERNATORE POTENZIATA (220 A);Powerful alternator (220 A);7KK
OMOLOGAZIONE EURO VI E HEAVY DUTY;EURO VI E HEAVY DUTY homologation;7PC
MANCA SELLERIA;Upholstery elimination;7Q5
ESC - SETUP SPECIFICO CAMPER;ESC - specific RVs setup;7SH
TARGHETTE IN LINGUA TURCA;Turkish label;7UY
VANO PORTAOGGETTI SOTTO SEDILE GUIDA;Compartment under driver's seat;7WV
VANO PORTAOGGETTI SOTTO SEDILE GUIDA;Compartment under driver's seat;7WV
VERNICE EXTRA SERIE PASTELLO;Special Paint;802
PRESA CORRENTE 12V VANO DI CARICO;12V socket in load compartment ;823
CAPUCINE;Under-ceiling shelf (capucine) ;835
LIBRETTO ITALIANO/LINGUA;Italian Warranty Book;850
LIBRETTO FRANCESE/LINGUA;French Warranty Book;851
LIBRETTO INGLESE/LINGUA;English Warranty Book;852
LIBRETTO TEDESCO/LINGUA;German Warranty Book;853
LIBRETTO SPAGNOLO/LINGUA;Spanish Warranty Book;856
ESCLUSIONE SIGLE VETTURA (BONIFICO);Badges exclusion;879
TUBAZIONE GAS DI BLOW BY RISCALDATA;Heated blow by pipe;887
LIBRETTO PORTOGHESE/LINGUA;Portugese Warranty Book;898
AMAZON PLUS Preparation;AMAZON PLUS Preparation;8A3
KIT TELECAMERA VISIBILITú POSTERIORE SENZA LINEE + CAVI;REAR VISIBILITY CAMERA WITHOUT GRIDLINES  KIT +  CABLE PREDISPOSITION ;8EJ
L2 AUTONOMOUS DRIVING;L2 AUTONOMOUS DRIVING;8JP
PEDANA SALITA RETRATTILE PER PORTA LATERALE SCORREVOLE;Side step sliding door;8JU
SELLERIA TESSUTO MID;Mid level fabric upholstery ;8RS
SELLERIA TESSUTO MID;Mid level fabric upholstery ;8RS
Load Compartment Wall Wooden Full Height Protection (High Level);Load Compartment Wall Wooden Full Height Protection (High Level);8X7
Load Compartment Floor Wooden Protection (High Level);Load Compartment Floor Wooden Protection (High Level);8XD
KIT CARTER SEDILI PER ALLESTIMENTI;Seat carter kit for conversions;8ZJ
TRACTION PLUS + HILL DESCENT CONTROL;Traction plus + Hill descent control;941
TUBAZIONE DI SCARICO PER GUIDA SINISTRA;Specific motorhome exhaust for left hand drive;947
SEDILE PASSEGGERO SINGOLO CON REGOLAZIONI LONGITUDINALE E INCLINAZIONE SCHIENALE;Passenger seat with longitudinal and backrest adjustment;950
RUOTA DI SCORTA IN LAMIERA DI  DIMENSIONI NORMALI;Steel spare wheel;980
TELAIO SPECIAL;Special chassis;988
SEDILE GUIDATORE SPECIFICO POSTE&CORRIERI;Driver seat for Postal Service Mission;9RV
PROIETTORI FULL LED;Full LED headlamps;9WE
FRONT LED HEADLIGHTS;FRONT LED HEADLIGHTS;9Z4
3-WAY TIPPER PREDISPOSITION;3-WAY TIPPER PREDISPOSITION;A2Q
3-WAY TIPPER+TOOLBOX PREDISPOSITION (Toolbox installed behind driver's cab);3-WAY TIPPER+TOOLBOX PREDISPOSITION (Toolbox installed behind driver's cab);A2R
GSR STEP B COMPLIANT;GSR STEP B COMPLIANT;A5A
GSR STEP B COMPLIANT;GSR STEP B COMPLIANT;A5A
WINDOW 3/2026;WINDOW 3/2026;CMV
WINDOW 3/2026;WINDOW 3/2026;CMV
WINDOW 3/2026;WINDOW 3/2026;CMV
GSR STEP C COMPLIANT;GSR STEP C COMPLIANT;JCS
GSR STEP C COMPLIANT;GSR STEP C COMPLIANT;JCS
PADDED PROFILES FOR CARGO BOX;PADDED PROFILES FOR CARGO BOX;JJ1
ePTO FULL SOLUTION: DC 400V - DC 12V - AC 230V;ePTO FULL SOLUTION: DC 400V - DC 12V - AC 230V;JJ0
M2 PROXI PARAMETER SET-UP;M2 PROXI PARAMETER SET-UP;JH9
WINDOW 7/2026 MANAGEMENT ACTIVITIES;WINDOW 7/2026 MANAGEMENT ACTIVITIES;JHD
DOUBLE PASSENGER AIRBAG EXCLUSION;DOUBLE PASSENGER AIRBAG EXCLUSION;JLQ
HOOK POMMIER WITH CLOSURE ON THE TOP;HOOK POMMIER WITH CLOSURE ON THE TOP;A84
SEAT BELT REMINDER PREDISPOSITION FOR CREW VAN CONVERSION;SEAT BELT REMINDER PREDISPOSITION FOR CREW VAN CONVERSION;A8J
CRONOTACHOGRAPH PREDISPOSITION (CONTAINS ONLY SPECIFIC INTERIORS AND PROXY COMPONENTS);CRONOTACHOGRAPH PREDISPOSITION (CONTAINS ONLY SPECIFIC INTERIORS AND PROXY COMPONENTS);A8K
PERSONALIZZAZIONE VEICOLO TOYOTA;Custom vehicle Toyota;A8Z
ATESSA PRODUCTION PL8 IDENTIFICATION;ATESSA PRODUCTION PL8 IDENTIFICATION;AE2
Extra grid color;Extra grid color;AJ6
Algeria user manual;Algeria user manual;AS5
Algeria warranty book;Algeria warranty book;AS7
1-way Tipper (New);1-way Tipper (New);AX9
DIGICARGO - RFID TAG;DIGICARGO - RFID TAG;AXF
CASSONE AUTOCARRO Trasformazione in EGP                       ;Dropsde EGP conversion;B84
TBM basic connectivity for intelligent speed assist EXCLUSION;TBM basic connectivity for intelligent speed assist EXCLUSION;B88
GLOBAL TELEMATICS BOX MODULE (TBM) EXCLUSION;GLOBAL TELEMATICS BOX MODULE (TBM) EXCLUSION;B89
Connected Services MY25;Connected Services MY25;BX6
CARGO BOX;CARGO BOX;C3X
CARGO BOX WITH TAILGATE;CARGO BOX WITH TAILGATE;C3Y
Cargo Box - Capucine inside cargo area;Cargo Box - Capucine inside cargo area;C8N
Cargo Box - Lateral door;Cargo Box - Lateral door;C8P
Cargo Box - Tail lift;Cargo Box - Tail lift;C8Q
AIR BAG PASSEGGERO SINGOLO;Single passenger air-bag;CJ1
WINDOW 7 2025 PATTERNS;KERB WEIGHT 50 KG ADDITION;CGF
RADIO DAICHII A7 LIMITED EDITION;RADIO DAICHII A7 LIMITED EDITION;CMX
RADIO NAV DAICHII A7 LIMITED EDITION;RADIO NAV DAICHII A7 LIMITED EDITION;CMY
RETROVISORE CENTRALE DIGITALE;Digital central rearviewmirror;GRG
Dealer trasnformation;Dealer trasnformation;D7R
KEYLESS ENTRY and GO;Keyless ENTRY and GO;GX4
 ECE 17 captain chair compliant; ECE 17 captain chair compliant;J2J
 ECE 17 captain chair compliant; ECE 17 captain chair compliant;J2J
1-way Tipper with toolbox (New);1-way Tipper with toolbox (New);J48
Load Compartment Floor PP Protection;Load Compartment Floor PP Protection;J5L
Load Compartment Wall PP Full Height Protection;Load Compartment Wall PP Full Height Protection;J5M
Fiat front grille black without logo;Fiat front grille black without logo;J7R
Snoeks Crew Van prediposition;Snoeks Crew Van prediposition;JC3
Snoeks Crew Van prediposition 3 seat;Snoeks Crew Van prediposition 3 seat;JCQ
Snoeks Crew Van prediposition high trim;Snoeks Crew Van prediposition high trim;JCR
PRESA CORRENTE 230V IN PLANCIA;230V socket on dashboard;JKU
PLAFONIERA CENTRALE VANO DI CARICO POTENZIATA A LED;Central cargo area powered LED dome lamp;LHA
FENDINEBBIA CON LUCI DI SVOLTA;Fog lights with cornering function;LPZ
Exterior body colour painted bumper;FL 479+D477+F4+F477:K477;MBP
CALANDRA HIGH LEVEL;Radiator grille frame HIGH LEVEL;MM5
CALANDRA SENZA LOGO;Radiator Grille Frame withouth Logo;MM6
CALANDRA STANDARD;Radiator grille frame STANDARD;MMK
Handles for Sliding Doors and Back Doors;Handles for Sliding Doors and Back Doors;MNG
Euro 3 homologation;Euro 3 homologation;NB3
Euro 4 homologation;Euro 4 homologation;NB4
SPEED LIMITER + CRUISE CONTROL;Speed limiter + cruise control;NHR
GLOBAL TELEMATICS BOX MODULE (TBM);Global Telematic box module;RDG
RICARICA SMARTPHONE WIRELESS CON CLIMATIZZATORE AUTOMATICO;Smartphone wireless charger with automatic climate control;RFX
DOPPIA PRESA RICARICA USB ADDIZIONALE IN PLANCIA;Double USB charging port on dashboard;RS3
CONNECTED SERVICES EMEA - GLOBAL SERVICE DELIVERY PLATFORM (GSDP);Connected Services EMEA - GDSP;RTK
"""PUBLIC E-CALL""";"""PUBLIC E-CALL""";RTR
CONNECTED SERVICES IAP - GLOBAL SERVICE DELIVERY PLATFORM (GSDP);Connected Services IAP - GDSP;RTS
SELECTIVE CATALYST REDUCER;SELECTIVE CATALYST REDUCER;SCR
BLIND SPOT ASSIST + REAR CROSS PATH DETECTION;Blind spot assist + rear cross path detection;XAN
CONTENUTI ECE 16;ECE 16 contents;XCP
NUOVO GAS REFRIGERANTE;New refrigerant gas;XFC
Door check nylon strap;Door check nylon strap;XPA
ALLESTIMENTO AMAZON;AMAZON Preparation;XR8
Refrigerant gas R134a;Refrigerant gas R134a;XSK
SERVOSTERZO IDRAULICO;Standard hydraulic power steering;XXE
PREDISPOSIZIONE FURGONE CREW CAB (FURGONE CABINA DOPPIA);Crew Cab Van Predisposition (Van with two seat rows and cargo area separation behind second seat row);Z6L
"""WINDOW 3/2026 OPT IDENTIFICATION""";"""WINDOW 3/2026 OPT IDENTIFICATION"" - ONLY ON LOGISTIC (NO IMPACTS FOR CODEP/PLM)";JCT
"""WINDOW 3/2026 OPT IDENTIFICATION""";"""WINDOW 3/2026 OPT IDENTIFICATION"" - ONLY ON LOGISTIC (NO IMPACTS FOR CODEP/PLM)";JCT
WINDOW 11/ 2025;WINDOW 11/ 2025 (O untill 30th Novemebr 2025);3C4
WINDOW 11/ 2025;WINDOW 11/ 2025;3C4
WINDOW 11/ 2025;WINDOW 11/ 2025;3C4
16'' steel wheels;16'' steel wheels;404
OPT OMOLOGATIVI;;
ADEGUAMENTO MASSE OMOLOGATIVE;HOMOLOGATIVE MASS ADJUSTMENT;2KL
BONIFICO ADEGUAMENTO MASSE OMOLOGATIVE;HOMOLOGATIVE MASS ADJUSTMENT EXCLUSION;2KR
"OMOLOGAZIONE RUOTE 15""";"Homologation Wheels 15""";280
PTT MAGGIORATO 3650 KG;Oversized GVW 3650 kg;943
Homologation GVW 3850 kg for BRAZIL;Homologation GVW 3850 kg for BRAZIL;0Y8
OMOLOGAZIONE N1;N1 homologation;4YZ
TARGHETTA PTT 3995 KG ISRAELE;GVW 3995 KG LABEL;6QZ
TARGHETTA PTT 3510 KG;GVW 3510 KG LABEL;6R0
Reduced GVW 2495 kg for Russia market;Reduced GVW 2495 kg for Russia market;77P
"OMOLOGAZIONE RUOTE 16""";"Homologation Wheels 16""";78D
ECO INNOVATION;ECO INNOVATION;78N
OMOLOGAZIONE VEICOLO INCOMPLETO;INCOMPLETE VEHICLE HOMOLOGATION (STAGE 1);7MB
Reduced GVW 2795 kg for Russia market;Reduced GVW 2795 kg for Russia market;7P7
OMOLOGAZIONE EURO 6 E (ND from 5th May 2025);EURO 6 E homologation (ND from 5th May 2025);ARE
Euro 6E-bis homologation   (S from 5th May 2025);Euro 6E-bis homologation (S from 5th May 2025);B6T
"""GVW 4250kg with electrification weight identification";"""GVW 4250kg with electrification weight identification";B85
GVW 4100 KG HOMOLOGATION;GVW 4100 KG HOMOLOGATION;BBP
PL8 engine hardware specifications;PL8 engine hardware specifications;BN6
OBD - BD3 homologation;OBD - BD3 homologation;BTZ
GVW 4200 KG HOMOLOGATION;GVW 4200 KG HOMOLOGATION;BXQ
GVW 4150 KG HOMOLOGATION;GVW 4150 KG HOMOLOGATION;BXR
Euro 6C high altitude software;Euro 6C high altitude software;C1U
4170 kg GVW homologation;4170 kg GVW homologation;CB5
4065 kg GVW homologation;4065 kg GVW homologation;CH8
OPT LOGISTICI / PACK;;
KIT PARASPRUZZI (197,747);MUDFLAPS KIT (197,747);498
PACK VISIBILITY PLUS (051, LPZ, 9WE);PACK VISIBILITY PLUS (051, LPZ, 9WE);38C
MY 2024;MY 2024;0MK
MY 2025;MY 2025;0ML
"PACK CAMPING CAR 2 
(4EB,4TI)";"PACK CAMPING CAR 2 
(4EB,4TI)";0QB
"PACK CAMPING CAR 4 
(4EB,4TI,50E)";"PACK CAMPING CAR 4
(4EB,4TI,50E)";0QD
PACK WINTER EU (887, 453, 253, 205);PACK WINTER EU (887, 453, 253, 205);685
PACK CITY PLUS EXPORT (316, XAN, 341, 2V8, GRG);PACK CITY PLUS EXPORT (316, XAN, 341, 2V8, GRG);687
Pack Spare Wheel + Jack (980 + 786);Pack Spare Wheel + Jack (980 + 786);4DH
PACK SECURITY (064,213);PACK SECURITY (064,213);4YR
PACK CITY EXPORT (316, XAN, 341);PACK CITY EXPORT (316, XAN, 341);5YJ
LADDER HOLDER AND CAB PROTECTION GRILLE EXCLUSION;LADDER HOLDER AND CAB PROTECTION GRILLE EXCLUSION;6ZA
CONTENTS UPDATE;CONTENTS UPDATE;864
KIT ETICHETTE PER FIX&GO GRUPPO B;LABEL KIT FOR FIX&GO LANGUAGE GROUP B;8F5
KIT ETICHETTE PER FIX&GO GRUPPO C;LABEL KIT FOR FIX&GO LANGUAGE GROUP C;8F6
KIT ETICHETTE PER FIX&GO GRUPPO D;LABEL KIT FOR FIX&GO LANGUAGE GROUP D;8F7
KIT ETICHETTE PER FIX&GO GRUPPO E;LABEL KIT FOR FIX&GO LANGUAGE GROUP E;8F8
KIT ETICHETTE PER FIX&GO GRUPPO F;LABEL KIT FOR FIX&GO LANGUAGE GROUP F;8F9
KIT ETICHETTE PER FIX&GO GRUPPO H;LABEL KIT FOR FIX&GO LANGUAGE GROUP H;8FA
KIT ETICHETTE PER FIX & GO MULTILINGUE - ALLESTITORI;LABEL KIT FOR FIX&GO MULTI-LANGUAGE FOR CONVERTERS;8FP
KIT ETICHETTE PER FIX&GO GRUPPO G;LABEL KIT FOR FIX&GO LANGUAGE GROUP G;8H7
ELEMENTI SPECIFICI E ADATTAMENTI A CURA DEL CARROZZIERE;Logistic option for conversion purposes ;972
"PACK CAMPING CAR 1  (4GP, 4GQ)
(4GP+4GQ)";"PACK CAMPING CAR 1  (4GP, 4GQ)
(4GP+4GQ)";9EW
PACK WORKSITE LIGHT EU (941, 144, 077, 980, 786);PACK WORKSITE LIGHT EU (941, 144, 077, 980, 786);AVT
PACK WORKSITE HEAVY EU (941, 144, 077, 980, 786, 4BJ);PACK WORKSITE HEAVY EU (941, 144, 077, 980, 786, 4BJ);AVU
PACK WORKSITE N2 EU (941, 144, 980, 786);PACK WORKSITE N2 EU (941, 144, 980, 786);AVW
PACK WORKSITE HEAVY LEV (941, 144, 980, 786, 4BJ);PACK WORKSITE HEAVY LEV (941, 144, 980, 786, 4BJ);AVY
PACK HANDSFREE & SOCKET (GX4, 026, JKU);PACK HANDSFREE & SOCKET (GX4, 026, JKU);AW5
PACK HANDSFREE & CENTRAL GLOVEBOX (GX4, 026, 6ZQ);PACK HANDSFREE & CENTRAL GLOVEBOX (GX4, 026, 6ZQ);AW6
PACK WINTER LEV (453, 253);PACK WINTER LEV (453, 253);AW7
PACK CITY PLUS EU (XAN, 341, 2V8, GRG);PACK CITY PLUS EU (XAN, 341, 2V8, GRG);AW8
PACK TECHNO EU (2PZ, 140, RS3);PACK TECHNO EU (2PZ, 140, RS3);AW9
PACK TECHNO PLUS EU (2PZ, 140, RS3, RFX, 2QF);PACK TECHNO PLUS EU (2PZ, 140, RS3, RFX, 2QF);AWA
PACK CONVERSION (081, 7KK, 782);PACK CONVERSION (081, 7KK, 782);AWE
PACK CREW VAN (835, 619, 823);PACK CREW VAN (835, 619, 823);AWN
PACK HANDSFREE & SOCKET MOTOR CAB (GX4, JKU);PACK HANDSFREE & SOCKET MOTOR CAB (GX4, JKU);AWP
PACK HANDSFREE & CENTRAL GLOVEBOX MOTOR CAB (GX4, 6ZQ);PACK HANDSFREE & CENTRAL GLOVEBOX MOTOR CAB (GX4, 6ZQ);AWU
PACK TYRES MOTOR CAB (144, 980);PACK TYRES MOTOR CAB (144, 980);AX3
PACK CITY DROPSIDE EXPORT (341, 316);PACK CITY DROPSIDE EXPORT (341, 316);AX4
PACK CITY CHASSIS EXPORT (GRG, 341, 8EJ);PACK CITY CHASSIS EXPORT (GRG, 341, 8EJ);AX5
PACK CITY CHASSIS (GRG, 341);PACK CITY CHASSIS (GRG, 341);AX6
PACK CONVERSION LEV (081, 782);PACK CONVERSION LEV (081, 782);AX7
PACK TECHNO EXPORT  (2PX, 140, RS3);PACK TECHNO EXPORT  (2PX, 140, RS3);AXT
PACK PREMIUM CAB (0XW, 320, 7WV, 50E);PACK PREMIUM CAB (0XW, 320, 7WV, 50E);AYK
PACK PREMIUM CAB SUSPENSION SEAT (0XW, 320, 640, 50E);PACK PREMIUM CAB SUSPENSION SEAT (0XW, 320, 640, 50E);AYM
PREMIUM CAB CAMPER (0XW, 320);PREMIUM CAB CAMPER (0XW, 320);AYN
PACK STYLE BLACK 1 (MBP, 901, 431);PACK STYLE BLACK 1 (MBP, 901, 431);AYP
PACK STYLE BLACK 2 (MBP, 901, 1LR);PACK STYLE BLACK 2 (MBP, 901, 1LR);AYQ
PACK PAINTED BUMPER AND BLACK (MBP, 901);PACK PAINTED BUMPER AND BLACK (MBP, 901);AYV
PACK VISIBILITY (051, LPZ);PACK VISIBILITY (051, LPZ);AYZ
Pack Pivoting Captain Chairs Vans & Cabs 1 (4TI, 4EB, 50E, 7WV, 941);Pack Pivoting Captain Chairs Vans & Cabs 1 (4TI, 4EB, 50E, 7WV, 941);BJ0
Pack Pivoting Captain Chairs Cabs 2 (4TI, 4EB, 50E, 7WV);Pack Pivoting Captain Chairs Cabs 2 (4TI, 4EB, 50E, 7WV);BK5
Pack painted bumper and black skid plate + fog lights (MBP, 901, LPZ);Pack painted bumper and black skid plate + fog lights (MBP, 901, LPZ);BK6
Pack steering wheel controls and antenna in the mirror (6QD, 54Q, 5BH);Pack steering wheel controls and antenna in the mirror (6QD, 54Q, 5BH);BK8
Lounge Pack with 10'' Radio (140, RFX, 2PZ, 2QF);Lounge Pack with 10'' Radio (140, RFX, 2PZ, 2QF);BK9
Lounge Pack (140, RFX, 2QF);Lounge Pack (140, RFX, 2QF);BKA
Two-color Light Pack (320, 0XW, 431);Two-color Light Pack (320, 0XW, 431);BKB
Black Manual Trasmission Pack (320, 0XW, 0R2);Black Manual Trasmission Pack (320, 0XW, 0R2);BKC
Two-color Heavy & Automatic Trasmission Pack (320, 0XW, 1LR);Two-color Heavy & Automatic Trasmission Pack (320, 0XW, 1LR);BKD
Pack Safety Camper (5F4, 051);Pack Safety Camper (5F4, 051);BKF
Pack seat carter & box for Cowls (8ZJ, 7WV);Pack seat carter & box for Cowls (8ZJ, 7WV);BKH
Pack archweel mouldings on heavy Vans (4BJ, LPZ);Pack archweel mouldings on heavy Vans (4BJ, LPZ);BKJ
Vision Pack Level 1 (341, 508);Vision Pack Level 1 (341, 508);BKK
Vision Pack Level 2  (XAN, 341, 508);Vision Pack Level 2  (XAN, 341, 508);BKL
Pack heated window rear doors (519, 029);Pack heated window rear doors (519, 029);BKN
L2 AUTONOMOUS DRIVING BASE (8JP, 026, GX4, JKU, 2PZ, 140, RS3, RFX, 2QF,0XW, 320, 7WV, 50E, 051, LPZ);L2 AUTONOMOUS DRIVING BASE (8JP, 026, GX4, JKU, 2PZ, 140, RS3, RFX, 2QF,0XW, 320, 7WV, 50E, 051, LPZ);BP6
L2 AUTONOMOUS DRIVING + VISIBILITY PLUS (8JP, 026, GX4, JKU, 2PZ, 140, RS3, RFX, 2QF,0XW, 320, 7WV, 50E, 051, LPZ, 9WE);L2 AUTONOMOUS DRIVING + VISIBILITY PLUS (8JP, 026, GX4, JKU, 2PZ, 140, RS3, RFX, 2QF,0XW, 320, 7WV, 50E, 051, LPZ, 9WE);BP7
LEV L2 AUTONOMOUS DRIVING + VISIBILITY + CITY PLUS (8JP, RS3, RFX, 320, 0XW, 50E, JKU, 051, LPZ, XAN, 341, 2V8, GRG);LEV L2 AUTONOMOUS DRIVING + VISIBILITY + CITY PLUS (8JP, RS3, RFX, 320, 0XW, 50E, JKU, 051, LPZ, XAN, 341, 2V8, GRG);BP8
L2 AUTONOMOUS DRIVING + VISIBILITY PLUS + CITY PLUS (8JP, RS3, RFX, 320, 0XW, 50E, JKU, 051, LPZ, 9WE, XAN, 341, 2V8, GRG);L2 AUTONOMOUS DRIVING + VISIBILITY PLUS + CITY PLUS (8JP, RS3, RFX, 320, 0XW, 50E, JKU, 051, LPZ, 9WE, XAN, 341, 2V8, GRG);BP9
EASY DRIVING + VISIBILITY + CITY PLUS (5F8, 051, LPZ, XAN, 341 , 2V8, GRG);EASY DRIVING + VISIBILITY + CITY PLUS (5F8, 051, LPZ, XAN, 341 , 2V8, GRG);BPA
EASY DRIVING + VISIBILITY PLUS + CITY PLUS (5F8, 051, LPZ, 9WE, XAN, 341 , 2V8, GRG);EASY DRIVING + VISIBILITY PLUS + CITY PLUS (5F8, 051, LPZ, 9WE, XAN, 341 , 2V8, GRG);BPB
WINTER + PREMIUM CAB + HANDSFREE & SOCKET (887, 453, 253, 205, 0XW, 320, 7WV, 50E, 8RS, GX4, 026, JKU);WINTER + PREMIUM CAB + HANDSFREE & SOCKET (887, 453, 253, 205, 0XW, 320, 7WV, 50E, GX4, 026, JKU);BPC
WINTER + PREMIUM CAB + HANDSFREE & GLOVEBOX (887, 453, 253, 205, 0XW, 320, 7WV, 50E, 8RS, GX4, 026, 6ZQ);WINTER + PREMIUM CAB + HANDSFREE & GLOVEBOX (887, 453, 253, 205, 0XW, 320, 7WV, 50E, GX4, 026, 6ZQ);BPD
STYLE 1 + VISIBILITY PLUS + CITY PLUS (MBP, 901, 431, XAN, 341, 2V8, GRG, 051, LPZ, 9WE);STYLE 1 + VISIBILITY PLUS + CITY PLUS (MBP, 901, 431, XAN, 341, 2V8, GRG, 051, LPZ, 9WE);BPF
STYLE 2 + VISIBILITY PLUS + CITY PLUS (MBP, 901, 1LR, XAN, 341, 2V8, GRG, 051, LPZ, 9WE);STYLE 2 + VISIBILITY PLUS + CITY PLUS (MBP, 901, 1LR, XAN, 341, 2V8, GRG, 051, LPZ, 9WE);BPG
TECHNO + PREMIUM CAB + VISIBILITY PLUS (2PZ, 140, RS3,  051, LPZ, 9WE, 0XW, 320, 7WV, 50E);TECHNO + PREMIUM CAB + VISIBILITY PLUS (2PZ, 140, RS3,  051, LPZ, 9WE, 0XW, 320, 7WV, 50E);BPH
L2 AUTONOMOUS DRIVING ALL IN PACK FOR CAMPERS NO RADIO 1 (8JP, 140, RFX, 2QF, 320, 0XW, 1LR, MBP, 901, LPZ, 051, 026);L2 AUTONOMOUS DRIVING ALL IN PACK FOR CAMPERS NO RADIO 1 (8JP, 140, RFX, 2QF, 320, 0XW, 1LR, MBP, 901, LPZ, 051, 026);BPQ
L2 AUTONOMOUS DRIVING ALL IN PACK FOR CAMPERS NO RADIO 2 (8JP, 140, RFX, 2QF, 320, 0XW, 1LR, 4BJ, LPZ, 051, 026);L2 AUTONOMOUS DRIVING ALL IN PACK FOR CAMPERS NO RADIO 2 (8JP, 140, RFX, 2QF, 320, 0XW, 1LR, 4BJ, LPZ, 051, 026);BPR
L2 AUTONOMOUS DRIVING ALL IN PACK FOR CAMPERS RADIO NAV 1 (8JP, 140, RFX, 2PZ, 2QF, 320, 0XW, 1LR, MBP, 901, LPZ, 051, 026);L2 AUTONOMOUS DRIVING ALL IN PACK FOR CAMPERS RADIO NAV 1 (8JP, 140, RFX, 2PZ, 2QF, 320, 0XW, 1LR, MBP, 901, LPZ, 051, 026);BPS
L2 AUTONOMOUS DRIVING ALL IN PACK FOR CAMPERS RADIO NAV 2 (8JP, 140, RFX, 2PZ, 2QF, 320, 0XW, 1LR, 4BJ, LPZ, 051, 026);L2 AUTONOMOUS DRIVING ALL IN PACK FOR CAMPERS RADIO NAV 2 (8JP, 140, RFX, 2PZ, 2QF, 320, 0XW, 1LR, 4BJ, LPZ, 051, 026);BPU
PACK EASY DRIVING PLUS FOR CAMPERS 1 (5F8, 5F4, 051, MBP, 901, LPZ);PACK EASY DRIVING PLUS FOR CAMPERS 1 (5F8, 5F4, 051, MBP, 901, LPZ);BPV
PACK EASY DRIVING PLUS FOR CAMPERS 2  (5F8, 5F4, 051, 4BJ, LPZ);PACK EASY DRIVING PLUS FOR CAMPERS 2  (5F8, 5F4, 051, 4BJ, LPZ);BPW
PACK VISION LOUNGE FOR CAMPERS 1 (MBP, 901, LPZ, XAN, 341, 2V8, GRG, 316, 140, RFX, 2PZ, 2QF);PACK VISION LOUNGE FOR CAMPERS 1 (MBP, 901, LPZ, XAN, 341, 2V8, GRG, 316, 140, RFX, 2PZ, 2QF);BPX
PACK VISION LOUNGE FOR CAMPERS 2 (4BJ, LPZ, XAN, 341, 2V8, GRG, 316, 140, RFX, 2PZ, 2QF);PACK VISION LOUNGE FOR CAMPERS 2 (4BJ, LPZ, XAN, 341, 2V8, GRG, 316, 140, RFX, 2PZ, 2QF);BPY
PACK DELIVERY (786, 980, LHA, MNG, 619, 051, LPZ, 140, RS3, 2PZ);PACK DELIVERY (786, 980, LHA, MNG, 619, 051, LPZ, 140, RS3, 2PZ);C4Q
PACK DELIVERY BEV (786, 980, 6ZQ, LHA, MNG, 823, 619);PACK DELIVERY BEV (786, 980, 6ZQ, LHA, MNG, 823, 619);C4R
PACK PREMIUM CAB HYDROGEN 1 (RFX, 6ZQ, 0XW, 320, RS3);PACK PREMIUM CAB HYDROGEN 1 (RFX, 6ZQ, 0XW, 320, RS3);C4S
PACK PREMIUM CAB HYDROGEN 1 (RFX, JKU, 0XW, 320, RS3);PACK PREMIUM CAB HYDROGEN 1 (RFX, JKU, 0XW, 320, RS3);C4T
Pack orderabilty Toyota (129, 253, 887, 205, 453, GX4);Pack orderabilty Toyota (129, 253, 887, 205, 453, GX4);C5Z
Pack orderabilty Toyota 2 (2PZ, 140, RS3, 3YC);Pack orderabilty Toyota 2 (2PZ, 140, RS3, 3YC);C6C
PACK PREMIUM VAN (0XW, 320, 7WV, 50E, 316);PACK PREMIUM VAN (0XW, 320, 7WV, 50E, 316);C7B
PACK PREMIUM VAN  SUSPENSION SEAT (0XW, 320, 640, 50E, 316);PACK PREMIUM VAN  SUSPENSION SEAT (0XW, 320, 640, 50E, 316);C7C
"PACK RADIO 7""+ USB (1RB, RS3)";"PACK RADIO 7""+ USB (1RB, RS3)";C7D
PACK CARGO BASE L4 (823, 619, LHA);PACK CARGO BASE L4 (823, 619, LHA);C7F
PACK CARGO BASE L2-L3 (361, 823, 619, LHA);PACK CARGO BASE L2-L3 (361, 823, 619, LHA);C7G
BEV PACK COMFORT CHASSIS/DROPSIDE (RS3, GX4, RFX);BEV PACK COMFORT CHASSIS/DROPSIDE (RS3, GX4, RFX);C8R
BEV PACK COMFORT VAN (RS3, GX4, RFX, 316);BEV PACK COMFORT VAN (RS3, GX4, RFX, 316);C8S
BEV PACK TECH NAV (2PZ, RS3, 320, 0XW, 50E);BEV PACK TECH NAV (2PZ, RS3, 320, 0XW, 50E);C8T
BEV PACK PREMIUM SOCKET CHASSIS/DROPSIDE (2PZ, RS3, JKU, 320, 0XW, 50E, GX4, RFX);BEV PACK PREMIUM SOCKET CHASSIS/DROPSIDE (2PZ, RS3, JKU, 320, 0XW, 50E, GX4, RFX);C8U
BEV PACK PREMIUM GLOVEBOX CHASSIS/DROPSIDE (2PZ, RS3, 6ZQ, 320, 0XW, 50E, GX4, RFX);BEV PACK PREMIUM GLOVEBOX CHASSIS/DROPSIDE (2PZ, RS3, 6ZQ, 320, 0XW, 50E, GX4, RFX);C8V
BEV PACK PREMIUM CAB SOCKET VAN (2PZ, RS3, JKU, 320, 0XW, 50E, 316, GX4, RFX);BEV PACK PREMIUM CAB SOCKET VAN (2PZ, RS3, JKU, 320, 0XW, 50E, 316, GX4, RFX);C8W
BEV PACK PREMIUM CAB GLOVEBOX VAN (2PZ, RS3, 6ZQ, 320, 0XW, 50E, 316, GX4, RFX);BEV PACK PREMIUM CAB GLOVEBOX VAN (2PZ, RS3, 6ZQ, 320, 0XW, 50E, 316, GX4, RFX);C8X
BEV L2 AUTONOMUS DRIVING LEV+ FULL LED HEADLAMP (8JP, 2PZ, RS3, JKU, 320, 0XW, 50E, 316, GX4, RFX, 051, LPZ, 9WE);BEV L2 AUTONOMUS DRIVING LEV+ FULL LED HEADLAMP (8JP, 2PZ, RS3, JKU, 320, 0XW, 50E, 316, GX4, RFX, 051, LPZ, 9WE);C8Y
PACK COMFORT CITROEN (0XW, 320, 7WV, 50E, 316, 2QC, XAN, 341. 2V8, GRG, 1RB, RS3, 051, LPZ);PACK COMFORT CITROEN (0XW, 320, 7WV, 50E, 316, 2QC, XAN, 341. 2V8, GRG, 1RB, RS3, 051, LPZ);C90
PACK MAGIC FIAT L2-L3 (0XW, 320, 7WV, 50E, 316, 2QC, 361, 823, 619, LHA, 1RB, RS3, 051, LPZ);PACK MAGIC FIAT L2-L3 (0XW, 320, 7WV, 50E, 316, 2QC, 361, 823, 619, LHA, 1RB, RS3, 051, LPZ);C91
PACK MAGIC FIAT L4 (0XW, 320, 7WV, 50E, 316, 2QC, 823, 619, LHA, 1RB, RS3, 051, LPZ);PACK MAGIC FIAT L4 (0XW, 320, 7WV, 50E, 316, 2QC, 823, 619, LHA, 1RB, RS3, 051, LPZ);C92
PACK ALLURE PEUGEOT (5F8, 2PZ, 140, RS3, 2QF, RFX, 051, LPZ);PACK ALLURE PEUGEOT (5F8, 2PZ, 140, RS3, 2QF, RFX, 051, LPZ);C93
PACK ULTIMATE OPEL (MBP, 901, MM5, 878, 2PZ, 140, RS3, 2QF, RFX, 051, LPZ);PACK ULTIMATE OPEL (MBP, 901, MM5, 878, 2PZ, 140, RS3, 2QF, RFX, 051, LPZ);C94
TECHNO + PREMIUM CAB VAN + VISIBILITY PLUS (2PZ, 140, RS3,  051, LPZ, 9WE, 0XW, 320, 7WV, 50E, 316);TECHNO + PREMIUM CAB VAN + VISIBILITY PLUS (2PZ, 140, RS3,  051, LPZ, 9WE, 0XW, 320, 7WV, 50E, 316);C97
WINTER + PREMIUM CAB + HANDSFREE & SOCKET (887, 453, 253, 205, 0XW, 320, 7WV, 50E, GX4, 026, JKU, 316);WINTER + PREMIUM CAB + HANDSFREE & SOCKET (887, 453, 253, 205, 0XW, 320, 7WV, 50E, GX4, 026, JKU, 316);CD8
WINTER + PREMIUM CAB + HANDSFREE & GLOVEBOX (887, 453, 253, 205, 0XW, 320, 7WV, 50E, GX4, 026, 6ZQ, 316);WINTER + PREMIUM CAB + HANDSFREE & GLOVEBOX (887, 453, 253, 205, 0XW, 320, 7WV, 50E, GX4, 026, 6ZQ, 316);CDF
Gear ratio short identificator;Gear ratio short identificator;CGA
IDENTIFICATION WINDOW_5 25 CHANGE;IDENTIFICATION WINDOW_5 25 CHANGE;J0R
PTT MAGGIORATO 3510 KG;Oversized GVW 3510 kg;Z1G
LIMITATORE DI VELOCITA 110 KM/H;SPEED LIMITER 110 KM/H;CTU
Great Britan Manufacturer plate;Great Britan Manufacturer plate;YEP
North Ireland Market OPT;North Ireland Market OPT;CCU
PACK MID VAN (1RB, RS3, 316, 140, 051, LPZ, 2V8);PACK MID VAN (1RB, RS3, 316, 140, 051, LPZ, 2V8);JM0
PACK HIGH VAN (2PZ, RS3, 316, 140, 051, LPZ, 2V8, 2QF, RFX, GX4, 7WV, 2QC, 50E);PACK HIGH VAN (2PZ, RS3, 316, 140, 051, LPZ, 2V8, 2QF, RFX, GX4, 7WV, 2QC, 50E);JM1
PACK MID CHASSIS (1RB, RS3, 140, 051, LPZ);PACK MID CHASSIS (1RB, RS3, 140, 051, LPZ);JM2
PACK HIGH CHASSIS (2PZ, RS3, 140, 051, LPZ, 2QF, RFX, GX4, 7WV, 2QC, 50E);PACK HIGH CHASSIS (2PZ, RS3, 140, 051, LPZ, 2QF, RFX, GX4, 7WV, 2QC, 50E);JM3
PACK HIGH VAN BEV (2PZ, RS3, 316, 051, 7WV, 50E, 2QC, GX4, LPZ, 2V8, RFX);PACK HIGH VAN BEV (2PZ, RS3, 316, 051, 7WV, 50E, 2QC, GX4, LPZ, 2V8, RFX);JMT
PACK HIGH CHASSIS BEV (2PZ, RS3, 051, 7WV, 50E, 2QC, GX4, LPZ, RFX);PACK HIGH CHASSIS BEV (2PZ, RS3, 051, 7WV, 50E, 2QC, GX4, LPZ, RFX);JMU
PACK HIGH VAN BEV NO ASSIST CALL (2PZ, RS3, 316, 051, 7WV, 50E, 2QC, GX4, LPZ, 2V8, RFX, 3YC);PACK HIGH VAN BEV NO ASSIST CALL (2PZ, RS3, 316, 051, 7WV, 50E, 2QC, GX4, LPZ, 2V8, RFX, 3YC);JMV
PACK HIGH CHASSIS BEV NO ASSIST CALL (2PZ, RS3, 051, 7WV, 50E, 2QC, GX4, LPZ, RFX, 3YC);PACK HIGH CHASSIS BEV NO ASSIST CALL (2PZ, RS3, 051, 7WV, 50E, 2QC, GX4, LPZ, RFX, 3YC);JMW
PACK HIGH VAN NO ASSIST CALL (2PZ, RS3, 316, 140, 051, LPZ, 2V8, 2QF, RFX, GX4, 7WV, 2QC, 50E, 3YC);PACK HIGH VAN NO ASSIST CALL (2PZ, RS3, 316, 140, 051, LPZ, 2V8, 2QF, RFX, GX4, 7WV, 2QC, 50E, 3YC);JMY
PACK HIGH CHASSIS NO ASSIST CALL (2PZ, RS3, 140, 051, LPZ, 2QF, RFX, GX4, 7WV, 2QC, 50E, 3YC);PACK HIGH CHASSIS NO ASSIST CALL (2PZ, RS3, 140, 051, LPZ, 2QF, RFX, GX4, 7WV, 2QC, 50E, 3YC);JN0
WINDOW 3/2026 - LOGISTIC IDENTIFICATION;WINDOW 3/2026 - LOGISTIC IDENTIFICATION;JN1
